user_id,nome,documento,telefone,uf,cluster
user_1,Leonardo Lima,154.171.609-44,(15) 65524-5576,SC,SILVER
user_2,Mariana Melo,930.473.374-15,(95) 57390-6583,RN,PLATINUM
user_3,Tatiana Costa,155.237.794-38,(64) 95814-5063,AP,GOLD
user_4,Júlia Barbosa,242.521.877-38,(31) 34069-6630,MG,SILVER
user_5,Paulo Souza,885.959.237-24,(74) 89644-4786,PA,GOLD
user_6,Júlia Oliveira,792.392.054-72,(93) 58262-4009,PI,DIAMOND
user_7,Olivia Lima,371.495.784-31,(35) 42105-3414,RR,PLATINUM
user_8,Igor Ribeiro,611.174.458-41,(87) 92005-7648,DF,GOLD
user_9,Renata Almeida,939.452.932-32,(98) 55100-2390,AC,SILVER
user_10,Olivia Rocha,929.861.623-60,(89) 67039-6637,RR,SILVER
user_11,Helena Oliveira,260.292.753-78,(89) 22084-9805,TO,PLATINUM
user_12,Daniela Souza,636.542.990-90,(29) 35465-3699,MT,SILVER
user_13,Mariana Lima,800.652.158-93,(92) 33873-2961,RO,DIAMOND
user_14,Ana Ferreira,400.061.995-90,(42) 64558-0516,MS,GOLD
user_15,Mariana Gomes,198.849.822-05,(74) 81204-1312,DF,SILVER
user_16,Clara Costa,633.902.103-10,(54) 10935-8943,MT,DIAMOND
user_17,Júlia Souza,166.807.636-44,(35) 23476-5140,MA,DIAMOND
user_18,Júlia Ribeiro,094.526.042-27,(19) 62085-5795,MS,GOLD
user_19,Yasmin Almeida,471.751.484-42,(81) 26130-7819,AC,DIAMOND
user_20,Samuel Costa,146.659.424-61,(34) 63754-7904,RS,SILVER
user_21,Mariana Ferreira,802.942.405-52,(38) 35669-2586,AP,SILVER
user_22,Mariana Costa,125.483.851-34,(52) 59897-1516,RO,GOLD
user_23,Gabriel Oliveira,470.029.135-66,(39) 65249-3464,RS,GOLD
user_24,Paulo Melo,598.143.641-54,(88) 90780-6811,PB,SILVER
user_25,Fernanda Nascimento,698.545.417-50,(32) 27353-3518,GO,GOLD
user_26,Carlos Oliveira,610.756.546-52,(38) 29641-2402,PR,GOLD
user_27,Nicolas Almeida,692.673.997-67,(63) 53743-7552,SP,PLATINUM
user_28,Karen Ferreira,786.757.781-19,(98) 12243-0099,SC,DIAMOND
user_29,Paulo Nascimento,484.886.577-58,(61) 10043-5287,AM,PLATINUM
user_30,Paulo Oliveira,177.049.232-50,(22) 89829-6151,MT,SILVER
user_31,Renata Rocha,028.140.489-92,(75) 81028-9583,AM,PLATINUM
user_32,Júlia Gomes,902.130.717-46,(67) 43815-3245,PA,GOLD
user_33,Mariana Barbosa,879.893.183-54,(95) 84249-6581,SE,SILVER
user_34,Leonardo Melo,079.083.521-32,(21) 30185-4291,SE,GOLD
user_35,Mariana Melo,677.153.265-79,(69) 91884-3051,RO,DIAMOND
user_36,Olivia Cardoso,087.034.893-75,(43) 76970-0266,SP,DIAMOND
user_37,Bruno Silva,840.979.865-84,(71) 35011-1725,PE,DIAMOND
user_38,Mariana Lima,483.019.358-20,(13) 30410-6498,DF,DIAMOND
user_39,Gabriel Ferreira,354.497.809-78,(79) 56241-3561,AM,DIAMOND
user_40,Yasmin Oliveira,207.462.854-28,(35) 32838-6170,ES,DIAMOND
user_41,Ana Almeida,837.065.442-81,(16) 15338-0260,PR,PLATINUM
user_42,Mariana Oliveira,247.130.718-27,(46) 26152-5157,AC,GOLD
user_43,Yasmin Cardoso,791.391.032-37,(75) 53558-2018,CE,DIAMOND
user_44,Carlos Rocha,878.612.363-61,(63) 17110-7122,ES,SILVER
user_45,Júlia Rocha,478.219.207-08,(82) 74384-7482,PA,DIAMOND
user_46,Igor Melo,259.090.898-81,(79) 42739-7630,RR,SILVER
user_47,Júlia Barbosa,976.048.210-78,(53) 67253-8980,ES,SILVER
user_48,Nicolas Almeida,769.908.998-90,(89) 72626-2954,BA,GOLD
user_49,Nicolas Lima,475.087.808-86,(86) 52291-2973,PE,GOLD
user_50,Clara Oliveira,198.704.043-17,(70) 52027-0559,RJ,DIAMOND
user_51,Rafael Melo,747.598.586-60,(64) 47118-5479,DF,DIAMOND
user_52,Nicolas Souza,708.706.566-37,(99) 89941-9972,RO,DIAMOND
user_53,Tatiana Martins,261.000.106-30,(23) 71901-2996,SE,DIAMOND
user_54,Samuel Almeida,375.675.990-85,(19) 36869-4735,PA,DIAMOND
user_55,Clara Martins,962.166.883-79,(79) 26404-3582,SC,PLATINUM
user_56,Leonardo Barbosa,837.239.950-39,(79) 22895-5942,SE,PLATINUM
user_57,Gabriel Ferreira,040.779.201-39,(60) 44462-9563,AC,SILVER
user_58,Vinicius Martins,211.990.823-51,(64) 27194-2569,MT,GOLD
user_59,Daniela Gomes,125.337.033-89,(66) 23002-9135,MS,GOLD
user_60,Renata Rocha,410.610.639-33,(81) 81982-8047,CE,GOLD
user_61,Vinicius Silva,321.379.497-04,(13) 29585-2067,RS,DIAMOND
user_62,Fernanda Silva,343.624.330-28,(79) 15046-4276,RS,DIAMOND
user_63,Eduardo Melo,748.238.744-71,(35) 62698-8249,RN,DIAMOND
user_64,Gabriel Rocha,127.886.161-40,(48) 56199-5644,PR,GOLD
user_65,Carlos Ferreira,490.333.029-09,(99) 86440-2956,MS,SILVER
user_66,Vinicius Oliveira,969.216.805-33,(56) 24763-6226,RS,DIAMOND
user_67,Igor Silva,130.750.501-97,(20) 65361-2009,RN,SILVER
user_68,Paulo Costa,412.357.579-60,(37) 56781-7912,GO,GOLD
user_69,Renata Gomes,415.623.733-81,(43) 89047-2831,GO,DIAMOND
user_70,Vinicius Silva,676.099.379-86,(36) 11365-3953,MS,DIAMOND
user_71,Mariana Martins,904.716.653-73,(38) 74763-3142,AM,GOLD
user_72,Eduardo Ferreira,834.117.268-40,(32) 94467-1043,GO,PLATINUM
user_73,Yasmin Melo,531.618.539-83,(27) 68670-2536,RN,GOLD
user_74,Ana Souza,900.876.168-08,(73) 82418-4297,PA,GOLD
user_75,Tatiana Cardoso,200.877.779-35,(42) 84624-4342,DF,SILVER
user_76,Eduardo Cardoso,541.590.508-61,(72) 51094-1590,PI,PLATINUM
user_77,Gabriel Almeida,429.822.058-01,(13) 95769-4251,MS,DIAMOND
user_78,Nicolas Costa,812.665.323-08,(72) 58126-8587,MS,PLATINUM
user_79,Mariana Cardoso,763.099.047-51,(27) 11289-8559,ES,DIAMOND
user_80,Igor Barbosa,133.373.949-33,(28) 27825-0404,PR,PLATINUM
user_81,Olivia Rocha,981.735.539-85,(52) 50192-2487,PI,PLATINUM
user_82,Vinicius Souza,378.220.250-69,(61) 51074-5267,TO,PLATINUM
user_83,Leonardo Ferreira,611.433.874-72,(33) 13636-3871,TO,SILVER
user_84,Bruno Ribeiro,240.882.844-58,(49) 23051-0556,AP,PLATINUM
user_85,Eduardo Barbosa,807.129.855-79,(77) 28021-2509,SP,PLATINUM
user_86,Carlos Souza,076.818.846-29,(94) 46565-8406,DF,SILVER
user_87,Fernanda Ribeiro,875.075.529-95,(21) 89484-1739,PI,SILVER
user_88,Samuel Rocha,007.372.416-93,(69) 57975-0129,PR,SILVER
user_89,Eduardo Ferreira,416.931.699-64,(68) 90792-7060,RS,PLATINUM
user_90,Olivia Martins,439.290.153-74,(25) 68978-0539,RN,DIAMOND
user_91,Tatiana Souza,317.479.556-04,(88) 18748-0971,AP,SILVER
user_92,Igor Nascimento,688.926.395-85,(77) 77702-5338,PE,PLATINUM
user_93,Helena Costa,756.534.326-99,(15) 43215-0039,MA,GOLD
user_94,Mariana Ferreira,299.690.201-71,(91) 44708-2395,SC,GOLD
user_95,Olivia Costa,768.044.824-74,(84) 62693-0090,PA,PLATINUM
user_96,Yasmin Pereira,766.972.284-78,(31) 64381-3030,PE,SILVER
user_97,Leonardo Ferreira,654.669.124-54,(80) 67458-9409,MG,PLATINUM
user_98,Ana Rocha,398.625.854-34,(37) 44714-7022,RO,PLATINUM
user_99,Daniela Ferreira,972.678.515-87,(68) 89806-6163,RJ,PLATINUM
user_100,Igor Almeida,004.664.849-47,(21) 63928-4713,RN,GOLD
user_101,Daniela Souza,556.649.635-30,(48) 35581-2597,MG,PLATINUM
user_102,Eduardo Costa,233.132.947-39,(60) 69072-1605,RS,DIAMOND
user_103,Júlia Cardoso,231.887.260-19,(16) 49359-1469,BA,GOLD
user_104,Renata Costa,815.610.700-49,(25) 37285-4292,PB,SILVER
user_105,Igor Cardoso,609.154.394-16,(11) 62068-1031,AP,DIAMOND
user_106,Karen Cardoso,893.970.668-62,(28) 87729-6918,GO,SILVER
user_107,Bruno Ribeiro,462.761.206-38,(60) 60821-6090,PE,PLATINUM
user_108,Daniela Pereira,484.130.349-51,(23) 62023-4076,PB,GOLD
user_109,Paulo Melo,250.023.058-76,(96) 53026-1149,BA,SILVER
user_110,Vinicius Rocha,942.237.261-84,(82) 27339-1547,ES,SILVER
user_111,Daniela Silva,982.074.646-59,(23) 53696-9916,SP,SILVER
user_112,Mariana Gomes,344.995.105-53,(38) 69312-4431,PR,PLATINUM
user_113,Vinicius Lima,791.883.738-93,(50) 13501-3742,AL,PLATINUM
user_114,Igor Nascimento,608.952.827-30,(73) 67268-0459,PI,GOLD
user_115,Olivia Melo,582.272.346-96,(65) 43663-6650,MA,SILVER
user_116,Helena Costa,071.884.667-30,(74) 56734-0551,PR,SILVER
user_117,Yasmin Costa,525.076.628-36,(62) 98535-5205,ES,DIAMOND
user_118,Rafael Gomes,563.321.615-83,(52) 81189-5222,PA,GOLD
user_119,Igor Ribeiro,100.257.197-62,(38) 69043-8692,AL,DIAMOND
user_120,Daniela Souza,851.069.908-06,(47) 71896-2780,BA,GOLD
user_121,Tatiana Ferreira,991.156.405-00,(18) 77284-0268,RR,DIAMOND
user_122,Nicolas Gomes,517.115.754-10,(74) 90575-9750,PB,DIAMOND
user_123,Carlos Ribeiro,002.897.843-48,(86) 87165-6803,RO,DIAMOND
user_124,Clara Souza,452.381.560-95,(33) 97359-9068,RJ,PLATINUM
user_125,Vinicius Cardoso,821.170.958-70,(61) 24344-4156,PR,SILVER
user_126,Tatiana Rocha,242.043.586-54,(12) 66647-1670,RR,DIAMOND
user_127,Olivia Souza,616.002.522-90,(77) 88697-3017,RO,DIAMOND
user_128,Tatiana Ribeiro,939.507.871-62,(63) 12675-1773,AC,GOLD
user_129,Gabriel Almeida,201.704.703-04,(22) 90271-9902,CE,PLATINUM
user_130,Júlia Silva,804.055.158-26,(69) 20206-4192,RS,PLATINUM
user_131,Karen Rocha,713.935.519-28,(72) 18883-8919,AL,SILVER
user_132,Igor Costa,002.252.309-15,(77) 63535-8739,MS,DIAMOND
user_133,Vinicius Souza,622.004.396-42,(30) 52539-9578,SE,GOLD
user_134,Tatiana Nascimento,652.136.798-90,(70) 26557-6950,RO,DIAMOND
user_135,Olivia Souza,971.206.501-54,(12) 77930-0231,AC,GOLD
user_136,Rafael Almeida,357.942.423-09,(49) 19187-1084,AL,DIAMOND
user_137,Mariana Martins,732.748.618-20,(83) 62745-5025,PI,GOLD
user_138,Vinicius Cardoso,289.571.222-91,(42) 61591-4444,PE,DIAMOND
user_139,Mariana Pereira,377.496.541-27,(29) 31282-8855,DF,SILVER
user_140,Vinicius Lima,992.897.506-49,(86) 90745-6907,CE,SILVER
user_141,Helena Nascimento,481.214.981-22,(63) 85934-9293,RJ,PLATINUM
user_142,Leonardo Nascimento,243.200.975-33,(33) 98157-4390,PA,SILVER
user_143,Rafael Pereira,767.031.408-65,(30) 73311-0677,MG,GOLD
user_144,Mariana Ferreira,900.321.674-15,(99) 63077-3662,SC,PLATINUM
user_145,Fernanda Cardoso,624.999.552-91,(71) 73669-7655,AL,DIAMOND
user_146,Bruno Barbosa,888.350.506-40,(40) 31687-6042,ES,GOLD
user_147,Mariana Silva,327.183.896-54,(39) 35278-9995,AM,GOLD
user_148,Olivia Martins,891.227.022-11,(20) 70874-5835,AL,SILVER
user_149,Nicolas Oliveira,992.644.136-59,(18) 42488-5010,AL,GOLD
user_150,Daniela Pereira,007.353.247-52,(72) 39911-9985,GO,GOLD
user_151,Ana Cardoso,762.440.376-52,(56) 55551-1876,AM,SILVER
user_152,Mariana Silva,261.719.957-06,(70) 37635-1311,AL,DIAMOND
user_153,Fernanda Costa,524.302.118-98,(89) 32462-8558,RN,GOLD
user_154,Yasmin Costa,596.256.532-31,(77) 13392-5363,MA,GOLD
user_155,Júlia Pereira,646.945.256-72,(95) 41763-6177,RN,PLATINUM
user_156,Carlos Barbosa,128.004.728-94,(75) 48587-0005,AP,PLATINUM
user_157,Tatiana Ribeiro,956.255.492-01,(53) 81343-2009,PE,PLATINUM
user_158,Tatiana Almeida,102.537.457-88,(67) 59684-4741,PB,PLATINUM
user_159,Leonardo Costa,306.684.752-01,(21) 37719-7191,BA,SILVER
user_160,Júlia Barbosa,678.889.162-37,(18) 62621-6221,AC,DIAMOND
user_161,Karen Ferreira,081.904.481-70,(50) 29040-7341,MA,DIAMOND
user_162,Fernanda Almeida,529.721.053-86,(66) 49616-3739,RS,DIAMOND
user_163,Daniela Oliveira,802.802.862-61,(94) 50813-1000,TO,PLATINUM
user_164,Samuel Costa,221.028.465-33,(28) 91910-9205,AP,SILVER
user_165,Clara Barbosa,978.001.600-56,(24) 27654-9094,RR,GOLD
user_166,Paulo Rocha,310.750.632-07,(84) 92310-3744,RS,PLATINUM
user_167,Olivia Ribeiro,476.239.493-05,(98) 84408-3485,PA,PLATINUM
user_168,Nicolas Oliveira,952.865.509-06,(15) 45941-6829,MA,GOLD
user_169,Helena Melo,361.932.363-77,(99) 82266-5113,RS,SILVER
user_170,Samuel Souza,892.502.605-86,(92) 89688-5812,AP,SILVER
user_171,Nicolas Souza,694.424.736-87,(93) 84236-6375,RO,GOLD
user_172,Ana Martins,397.371.229-22,(39) 23012-5305,PB,SILVER
user_173,Yasmin Rocha,641.325.242-91,(76) 73136-6314,AL,SILVER
user_174,Karen Nascimento,431.780.938-59,(39) 72183-4818,RO,SILVER
user_175,Olivia Melo,372.316.241-75,(25) 56954-1886,PA,GOLD
user_176,Vinicius Lima,825.887.718-21,(69) 34712-6454,DF,PLATINUM
user_177,Olivia Barbosa,006.930.558-00,(32) 23597-1079,GO,SILVER
user_178,Vinicius Pereira,799.690.938-03,(87) 45640-9611,ES,DIAMOND
user_179,Júlia Almeida,043.975.913-28,(44) 88946-9812,RJ,PLATINUM
user_180,Yasmin Ribeiro,290.180.253-36,(78) 76473-1493,CE,GOLD
user_181,Leonardo Silva,198.488.618-37,(28) 67933-0101,MA,SILVER
user_182,Nicolas Gomes,731.957.398-64,(24) 85854-3082,SE,DIAMOND
user_183,Igor Ribeiro,463.814.014-94,(99) 75752-8208,MT,GOLD
user_184,Ana Barbosa,163.088.882-44,(74) 33325-2439,BA,GOLD
user_185,Paulo Pereira,822.100.421-55,(74) 99138-3134,ES,PLATINUM
user_186,Renata Melo,333.745.631-91,(96) 95246-7937,RS,GOLD
user_187,Nicolas Melo,036.333.920-13,(62) 92082-7493,MG,GOLD
user_188,Yasmin Gomes,174.878.444-74,(95) 74782-0049,PB,GOLD
user_189,Daniela Silva,004.816.256-94,(72) 55637-0587,MG,SILVER
user_190,Carlos Almeida,889.618.133-82,(78) 63817-5455,GO,PLATINUM
user_191,Renata Barbosa,771.438.305-59,(29) 27149-7842,MG,PLATINUM
user_192,Clara Ribeiro,947.792.127-28,(74) 93632-0853,RS,GOLD
user_193,Helena Cardoso,681.194.777-37,(46) 95945-3989,CE,SILVER
user_194,Leonardo Lima,533.036.520-64,(40) 85012-5265,SE,SILVER
user_195,Paulo Almeida,890.691.911-00,(61) 50199-5782,MT,GOLD
user_196,Carlos Gomes,859.726.401-49,(82) 57840-1949,MT,GOLD
user_197,Leonardo Rocha,029.625.412-32,(38) 16191-9289,TO,DIAMOND
user_198,Olivia Almeida,814.257.515-57,(79) 53861-6221,ES,DIAMOND
user_199,Júlia Pereira,567.476.958-64,(36) 64625-7899,AP,GOLD
user_200,Olivia Martins,530.327.345-34,(58) 79431-4514,PE,DIAMOND
user_201,Renata Silva,782.335.837-83,(59) 17862-2654,PA,SILVER
user_202,Igor Lima,748.991.997-43,(81) 21577-8216,RJ,DIAMOND
user_203,Leonardo Silva,172.292.714-56,(12) 57421-4548,RN,GOLD
user_204,Vinicius Almeida,411.675.681-91,(23) 79342-1522,CE,PLATINUM
user_205,Nicolas Almeida,009.338.865-15,(28) 82947-9919,AM,PLATINUM
user_206,Helena Nascimento,601.552.174-52,(38) 16115-5904,DF,DIAMOND
user_207,Júlia Silva,991.975.363-73,(15) 54643-2968,MS,PLATINUM
user_208,Leonardo Oliveira,067.080.299-47,(89) 74916-8347,RR,PLATINUM
user_209,Bruno Melo,707.549.890-46,(39) 25994-7450,MS,DIAMOND
user_210,Nicolas Pereira,414.277.767-99,(31) 17777-9084,MG,PLATINUM
user_211,Daniela Melo,293.760.382-61,(18) 62268-0043,PA,GOLD
user_212,Olivia Ribeiro,031.114.312-50,(72) 39768-0845,PA,SILVER
user_213,Leonardo Pereira,297.528.945-52,(43) 53950-4841,RO,DIAMOND
user_214,Clara Rocha,778.177.107-29,(91) 80153-7678,MS,GOLD
user_215,Tatiana Cardoso,984.560.609-10,(45) 15679-6128,MS,DIAMOND
user_216,Karen Ribeiro,992.909.781-76,(94) 52254-9979,RJ,DIAMOND
user_217,Renata Nascimento,021.595.024-80,(39) 73714-1466,DF,SILVER
user_218,Helena Oliveira,752.766.453-06,(78) 50745-9491,SC,GOLD
user_219,Carlos Lima,513.863.516-45,(24) 96917-6750,PI,SILVER
user_220,Carlos Oliveira,648.149.322-07,(14) 75918-6354,PI,PLATINUM
user_221,Leonardo Rocha,811.536.247-90,(21) 62740-8093,MT,SILVER
user_222,Olivia Barbosa,671.279.280-66,(65) 10263-8798,RR,PLATINUM
user_223,Leonardo Ribeiro,501.559.636-97,(46) 19325-2071,SC,DIAMOND
user_224,Eduardo Rocha,158.406.407-93,(76) 87641-8207,RJ,PLATINUM
user_225,Karen Melo,314.581.584-24,(24) 93895-9946,SE,PLATINUM
user_226,Ana Nascimento,736.176.328-83,(79) 59561-4816,RO,SILVER
user_227,Júlia Lima,619.633.265-49,(98) 60919-4355,AL,SILVER
user_228,Bruno Lima,131.258.748-14,(67) 62794-8581,RR,DIAMOND
user_229,Rafael Ribeiro,761.858.557-10,(91) 35741-2673,RO,DIAMOND
user_230,Bruno Costa,375.352.624-75,(19) 37754-7373,ES,GOLD
user_231,Olivia Silva,353.343.318-29,(72) 28298-2276,PB,DIAMOND
user_232,Júlia Melo,512.560.739-89,(40) 67768-0408,SE,SILVER
user_233,Gabriel Martins,593.712.000-32,(45) 67341-2387,PI,PLATINUM
user_234,Ana Martins,198.865.542-12,(67) 44230-4028,SP,GOLD
user_235,Eduardo Oliveira,258.802.025-63,(32) 76833-7618,SP,GOLD
user_236,Leonardo Martins,696.216.290-38,(91) 88344-1499,PR,GOLD
user_237,Daniela Pereira,618.374.670-16,(75) 61786-9153,RJ,GOLD
user_238,Leonardo Souza,324.691.440-49,(31) 41315-5277,MA,SILVER
user_239,Nicolas Gomes,791.922.348-52,(70) 79672-7362,RJ,DIAMOND
user_240,Olivia Oliveira,499.490.523-35,(93) 18792-8666,RO,GOLD
user_241,Nicolas Cardoso,067.368.710-49,(27) 80267-2172,RS,SILVER
user_242,Carlos Martins,964.301.459-33,(69) 16060-4955,SE,PLATINUM
user_243,Vinicius Costa,116.122.197-74,(41) 53554-5760,SC,GOLD
user_244,Bruno Rocha,150.390.295-51,(80) 21927-2281,AP,GOLD
user_245,Eduardo Martins,700.822.864-03,(96) 54819-9142,TO,DIAMOND
user_246,Karen Gomes,471.334.482-50,(19) 75214-4258,TO,SILVER
user_247,Leonardo Lima,334.715.704-22,(80) 83845-2684,SE,DIAMOND
user_248,Yasmin Oliveira,210.848.516-43,(62) 92360-8787,AL,PLATINUM
user_249,Carlos Martins,309.443.465-83,(76) 75015-0417,BA,PLATINUM
user_250,Ana Lima,514.079.728-04,(44) 29002-8220,MG,GOLD
user_251,Paulo Lima,610.000.423-68,(67) 49842-7096,PA,SILVER
user_252,Yasmin Ferreira,723.021.541-46,(66) 78466-9135,TO,PLATINUM
user_253,Vinicius Lima,825.977.244-30,(32) 28958-3653,DF,DIAMOND
user_254,Tatiana Pereira,850.033.141-60,(41) 91027-0023,RN,GOLD
user_255,Daniela Melo,117.078.775-17,(55) 24576-3678,PI,SILVER
user_256,Samuel Ferreira,737.869.227-83,(69) 71734-7694,RS,DIAMOND
user_257,Eduardo Souza,564.149.886-02,(55) 70470-4889,ES,GOLD
user_258,Leonardo Barbosa,940.270.615-59,(25) 25249-3355,AL,PLATINUM
user_259,Karen Barbosa,926.704.807-28,(62) 86633-1882,AL,SILVER
user_260,Bruno Oliveira,193.465.056-25,(64) 74341-3076,PI,SILVER
user_261,Paulo Silva,142.339.307-29,(21) 55594-0277,PR,GOLD
user_262,Eduardo Barbosa,240.364.942-87,(21) 46062-8950,PA,GOLD
user_263,Mariana Costa,229.122.282-68,(47) 66094-7425,MS,GOLD
user_264,Yasmin Barbosa,793.934.943-00,(57) 68991-3964,TO,DIAMOND
user_265,Clara Melo,029.232.656-16,(50) 42674-2529,SE,PLATINUM
user_266,Tatiana Costa,166.411.058-08,(30) 12351-8067,PA,PLATINUM
user_267,Gabriel Melo,251.676.691-95,(71) 91142-8830,PI,GOLD
user_268,Paulo Gomes,805.767.182-22,(14) 50209-8609,RJ,GOLD
user_269,Daniela Lima,366.459.722-40,(73) 74433-6114,RS,DIAMOND
user_270,Olivia Souza,909.678.754-05,(33) 70737-8713,RR,GOLD
user_271,Eduardo Barbosa,861.814.628-13,(62) 29184-4117,ES,GOLD
user_272,Paulo Ferreira,436.188.028-63,(40) 81635-6143,PE,SILVER
user_273,Vinicius Ribeiro,571.276.675-71,(11) 94317-2495,BA,DIAMOND
user_274,Rafael Ferreira,819.079.597-48,(16) 42013-8728,CE,DIAMOND
user_275,Bruno Pereira,082.871.917-83,(52) 69910-4607,PI,DIAMOND
user_276,Gabriel Cardoso,847.153.508-53,(50) 77157-3303,PI,DIAMOND
user_277,Yasmin Barbosa,501.531.950-62,(17) 94318-2269,PA,GOLD
user_278,Renata Oliveira,812.363.125-36,(75) 33785-5746,RO,PLATINUM
user_279,Karen Silva,304.049.081-54,(48) 92818-3741,RR,PLATINUM
user_280,Eduardo Pereira,440.934.572-66,(14) 38216-4939,ES,DIAMOND
user_281,Helena Souza,387.214.899-17,(18) 78583-7286,RO,SILVER
user_282,Olivia Melo,504.161.165-66,(83) 39480-1891,AM,SILVER
user_283,Igor Silva,052.657.878-57,(44) 31991-6728,AM,GOLD
user_284,Tatiana Gomes,996.215.266-93,(45) 70662-4351,MG,GOLD
user_285,Gabriel Barbosa,730.002.010-02,(89) 59189-7865,MT,PLATINUM
user_286,Mariana Cardoso,549.178.826-23,(67) 96426-5850,PR,DIAMOND
user_287,Ana Oliveira,843.615.628-70,(31) 25609-2014,TO,PLATINUM
user_288,Renata Almeida,828.075.174-71,(50) 17867-5477,RJ,SILVER
user_289,Fernanda Barbosa,081.510.271-18,(68) 85385-3217,DF,PLATINUM
user_290,Bruno Gomes,455.121.678-24,(49) 87497-6329,AM,DIAMOND
user_291,Renata Souza,682.416.509-18,(56) 50003-8500,RJ,PLATINUM
user_292,Yasmin Melo,217.674.364-03,(19) 63841-1336,PB,SILVER
user_293,Karen Cardoso,846.554.119-56,(57) 29979-2716,RO,DIAMOND
user_294,Vinicius Silva,128.703.870-92,(12) 68937-3769,ES,SILVER
user_295,Olivia Almeida,715.997.266-95,(15) 52882-3998,SE,SILVER
user_296,Renata Almeida,246.605.855-14,(38) 45308-4554,MS,SILVER
user_297,Igor Almeida,819.453.274-39,(57) 66077-6193,AC,GOLD
user_298,Leonardo Nascimento,444.514.998-39,(22) 73087-6388,AC,GOLD
user_299,Júlia Costa,206.715.045-04,(16) 45094-9897,MS,DIAMOND
user_300,Renata Lima,402.485.226-40,(12) 17136-7689,AM,SILVER
user_301,Carlos Silva,833.938.301-69,(47) 93940-2252,AC,GOLD
user_302,Mariana Ferreira,419.525.212-03,(44) 90236-2883,SP,SILVER
user_303,Bruno Barbosa,121.118.027-03,(68) 31281-9325,BA,PLATINUM
user_304,Karen Costa,132.282.416-28,(37) 56361-3542,PE,SILVER
user_305,Fernanda Rocha,764.323.012-49,(81) 81777-5813,PR,SILVER
user_306,Helena Souza,729.189.133-23,(68) 20354-7095,MA,PLATINUM
user_307,Tatiana Rocha,038.555.233-19,(56) 46909-8416,MS,PLATINUM
user_308,Olivia Martins,630.241.197-37,(44) 16028-8835,ES,SILVER
user_309,Bruno Rocha,235.709.099-57,(20) 14108-1014,GO,DIAMOND
user_310,Vinicius Ferreira,717.588.128-94,(92) 59847-7994,SP,PLATINUM
user_311,Ana Nascimento,745.351.266-89,(67) 48462-3839,PE,DIAMOND
user_312,Paulo Pereira,063.967.558-34,(24) 59433-0161,SE,DIAMOND
user_313,Tatiana Rocha,583.552.769-36,(68) 19571-9155,PI,PLATINUM
user_314,Nicolas Nascimento,219.691.307-95,(87) 60418-1403,MS,SILVER
user_315,Mariana Almeida,544.742.564-21,(33) 29863-3297,RR,SILVER
user_316,Leonardo Ferreira,395.842.735-15,(72) 18313-5911,AM,GOLD
user_317,Samuel Oliveira,494.375.007-81,(96) 44524-8504,PA,PLATINUM
user_318,Renata Lima,136.871.208-95,(84) 70369-5128,MT,DIAMOND
user_319,Igor Ribeiro,903.969.201-14,(25) 91350-4532,PR,GOLD
user_320,Eduardo Almeida,549.180.370-34,(52) 22145-2864,MA,SILVER
user_321,Nicolas Oliveira,172.630.428-34,(58) 67344-6406,CE,PLATINUM
user_322,Daniela Rocha,835.568.360-71,(51) 94955-8897,PR,PLATINUM
user_323,Samuel Ribeiro,163.859.274-79,(88) 89671-0956,AL,PLATINUM
user_324,Paulo Almeida,307.377.377-76,(81) 31615-9093,ES,GOLD
user_325,Carlos Ferreira,052.558.260-94,(63) 53723-2776,DF,PLATINUM
user_326,Karen Lima,384.766.305-43,(13) 65977-5530,RR,SILVER
user_327,Karen Almeida,502.171.699-08,(99) 82311-9754,RS,SILVER
user_328,Nicolas Lima,569.214.169-32,(37) 29992-6005,PI,GOLD
user_329,Leonardo Oliveira,000.740.619-82,(17) 26670-8239,SE,GOLD
user_330,Eduardo Rocha,189.117.643-66,(51) 47129-2200,CE,DIAMOND
user_331,Bruno Rocha,709.801.727-33,(16) 47618-5049,GO,GOLD
user_332,Bruno Cardoso,779.715.878-44,(60) 95080-9493,ES,DIAMOND
user_333,Renata Rocha,761.887.083-40,(19) 91074-3955,PR,PLATINUM
user_334,Rafael Silva,799.065.216-70,(33) 13112-3057,AC,DIAMOND
user_335,Clara Costa,830.163.828-08,(88) 37535-1461,PR,GOLD
user_336,Fernanda Costa,114.595.394-17,(86) 80886-8978,MA,SILVER
user_337,Rafael Silva,998.130.104-51,(67) 16272-7133,RN,GOLD
user_338,Bruno Souza,876.954.163-40,(58) 99360-4388,GO,PLATINUM
user_339,Rafael Almeida,341.576.681-41,(17) 44903-2738,AC,PLATINUM
user_340,Rafael Barbosa,054.263.073-05,(78) 40571-4750,PB,DIAMOND
user_341,Nicolas Barbosa,860.885.721-57,(21) 52298-0216,PE,GOLD
user_342,Mariana Gomes,663.775.096-11,(91) 87029-4568,BA,GOLD
user_343,Yasmin Almeida,855.298.724-59,(76) 67971-0250,MG,SILVER
user_344,Bruno Almeida,513.573.786-84,(94) 94342-2317,PA,PLATINUM
user_345,Clara Ferreira,079.178.165-84,(43) 29627-6543,SC,GOLD
user_346,Rafael Martins,901.735.903-14,(80) 15306-3779,MG,DIAMOND
user_347,Helena Barbosa,155.838.343-67,(47) 95417-8114,AL,GOLD
user_348,Júlia Nascimento,183.226.739-74,(73) 37606-8583,RS,DIAMOND
user_349,Bruno Silva,178.736.429-47,(65) 24634-8032,SC,PLATINUM
user_350,Clara Lima,396.240.941-09,(74) 26205-7012,MS,DIAMOND
user_351,Daniela Ribeiro,594.945.757-78,(19) 50785-3739,BA,SILVER
user_352,Carlos Almeida,801.354.905-65,(86) 77520-5447,RO,SILVER
user_353,Vinicius Melo,784.281.691-12,(63) 30007-9683,SC,SILVER
user_354,Daniela Silva,572.792.177-62,(41) 31191-2766,ES,GOLD
user_355,Paulo Lima,716.300.768-14,(60) 96938-8760,BA,SILVER
user_356,Júlia Nascimento,202.032.046-46,(39) 80573-9558,PB,SILVER
user_357,Eduardo Barbosa,826.902.923-52,(83) 53150-3441,CE,PLATINUM
user_358,Ana Costa,519.223.256-00,(20) 34067-7064,MG,DIAMOND
user_359,Bruno Melo,250.048.974-26,(91) 55673-0964,TO,SILVER
user_360,Gabriel Melo,976.572.066-59,(83) 97431-3662,RJ,PLATINUM
user_361,Fernanda Costa,931.514.904-50,(73) 74868-1278,TO,SILVER
user_362,Daniela Barbosa,499.096.121-34,(46) 95032-1091,AP,DIAMOND
user_363,Júlia Ferreira,336.986.511-39,(77) 30316-1215,BA,GOLD
user_364,Yasmin Melo,894.300.058-04,(70) 48480-2479,RS,GOLD
user_365,Helena Ferreira,234.877.054-49,(81) 67679-4328,PI,SILVER
user_366,Bruno Ribeiro,076.554.694-61,(88) 82338-6800,PB,SILVER
user_367,Renata Melo,767.512.147-96,(17) 69997-1988,AP,SILVER
user_368,Tatiana Oliveira,615.327.141-04,(66) 47615-3056,SE,GOLD
user_369,Júlia Pereira,477.064.113-67,(22) 71836-8716,MG,GOLD
user_370,Renata Barbosa,162.967.965-48,(35) 67738-1265,TO,DIAMOND
user_371,Tatiana Barbosa,704.002.187-18,(35) 68185-6884,MT,DIAMOND
user_372,Helena Souza,173.278.620-30,(20) 12525-8820,MG,GOLD
user_373,Igor Almeida,498.268.990-10,(22) 62399-7981,AM,PLATINUM
user_374,Renata Ribeiro,369.338.073-58,(80) 53141-3255,BA,GOLD
user_375,Gabriel Almeida,820.631.459-79,(39) 95767-7404,PR,GOLD
user_376,Renata Ferreira,738.926.744-29,(14) 57526-0791,SE,PLATINUM
user_377,Renata Ribeiro,062.145.699-27,(85) 77730-3250,PE,SILVER
user_378,Júlia Nascimento,802.894.491-97,(97) 71202-3001,RS,GOLD
user_379,Eduardo Silva,950.003.543-50,(42) 71834-3917,SC,DIAMOND
user_380,Ana Ribeiro,583.127.811-58,(75) 62434-8249,MT,PLATINUM
user_381,Clara Oliveira,721.165.668-46,(86) 84079-0630,MT,DIAMOND
user_382,Karen Costa,484.532.737-89,(89) 98811-0253,RR,PLATINUM
user_383,Nicolas Ferreira,986.724.336-12,(58) 11298-1894,RO,SILVER
user_384,Igor Costa,098.922.632-49,(13) 55252-9292,AL,DIAMOND
user_385,Carlos Melo,429.682.990-03,(57) 35731-0048,MT,PLATINUM
user_386,Igor Melo,348.225.606-79,(84) 35382-2152,PI,SILVER
user_387,Clara Barbosa,650.283.599-30,(26) 87074-0927,PR,SILVER
user_388,Helena Oliveira,996.209.566-07,(22) 50131-1396,AP,DIAMOND
user_389,Helena Martins,058.009.671-99,(14) 37325-1176,CE,SILVER
user_390,Olivia Rocha,715.630.259-99,(80) 68173-9655,MT,PLATINUM
user_391,Renata Souza,916.604.772-27,(99) 20557-6301,CE,PLATINUM
user_392,Helena Almeida,837.320.628-70,(11) 52564-3338,RS,DIAMOND
user_393,Olivia Nascimento,811.797.533-03,(41) 81873-6944,SE,GOLD
user_394,Samuel Ribeiro,180.648.577-36,(57) 12612-3710,MT,GOLD
user_395,Eduardo Pereira,374.591.223-52,(89) 54654-1908,PA,SILVER
user_396,Renata Silva,599.742.487-12,(61) 63269-7071,GO,DIAMOND
user_397,Renata Oliveira,532.928.861-32,(42) 24623-9277,RS,DIAMOND
user_398,Yasmin Almeida,357.942.257-74,(67) 55696-6127,AP,SILVER
user_399,Nicolas Ferreira,563.774.314-33,(39) 38062-9884,AP,DIAMOND
user_400,Igor Barbosa,298.096.609-42,(34) 79955-6266,MS,PLATINUM
user_401,Gabriel Rocha,161.546.949-56,(71) 28269-6966,AP,PLATINUM
user_402,Olivia Nascimento,093.733.510-85,(68) 65068-1645,RS,SILVER
user_403,Renata Silva,562.427.144-76,(58) 10780-3987,RJ,GOLD
user_404,Fernanda Silva,562.700.497-98,(50) 77996-8750,RN,PLATINUM
user_405,Rafael Rocha,134.184.710-62,(69) 85363-3891,AP,SILVER
user_406,Bruno Ferreira,882.903.416-70,(61) 55971-2468,SC,SILVER
user_407,Júlia Barbosa,715.754.106-80,(89) 73326-7920,RJ,DIAMOND
user_408,Mariana Ferreira,380.855.835-55,(68) 41729-7154,CE,SILVER
user_409,Igor Pereira,651.436.180-80,(45) 85046-5202,MG,SILVER
user_410,Karen Rocha,617.961.865-89,(54) 34163-4685,DF,GOLD
user_411,Clara Ribeiro,157.820.039-54,(84) 40745-4731,ES,DIAMOND
user_412,Paulo Rocha,761.754.705-00,(78) 23904-4281,PE,DIAMOND
user_413,Igor Melo,322.731.457-84,(67) 45376-7485,RN,SILVER
user_414,Paulo Costa,398.280.159-60,(40) 98538-9943,RR,SILVER
user_415,Olivia Nascimento,869.209.611-19,(18) 20905-9793,RJ,DIAMOND
user_416,Vinicius Rocha,484.372.744-28,(56) 50272-8111,MG,GOLD
user_417,Helena Ferreira,534.284.353-43,(65) 32671-1322,PB,PLATINUM
user_418,Helena Ribeiro,557.040.736-44,(48) 49960-6600,RJ,GOLD
user_419,Ana Lima,882.273.079-20,(27) 82413-5953,AM,DIAMOND
user_420,Júlia Lima,559.450.736-37,(60) 44695-5128,GO,PLATINUM
user_421,Igor Lima,231.237.654-87,(24) 37655-5630,SE,GOLD
user_422,Igor Ribeiro,518.419.680-06,(13) 76892-2303,RJ,GOLD
user_423,Vinicius Oliveira,165.036.261-87,(77) 46014-6935,MA,DIAMOND
user_424,Paulo Cardoso,755.785.723-01,(25) 96344-0415,AP,DIAMOND
user_425,Vinicius Rocha,122.400.699-21,(94) 46792-3357,MS,DIAMOND
user_426,Gabriel Oliveira,737.356.764-06,(89) 82987-8845,ES,PLATINUM
user_427,Rafael Pereira,466.684.436-07,(34) 88024-8010,PI,SILVER
user_428,Nicolas Silva,973.841.709-09,(81) 72215-0813,CE,DIAMOND
user_429,Ana Cardoso,509.909.896-28,(46) 51889-7693,CE,SILVER
user_430,Júlia Pereira,085.559.453-70,(40) 87237-2986,PA,SILVER
user_431,Ana Barbosa,701.099.243-45,(31) 36355-1071,TO,DIAMOND
user_432,Yasmin Almeida,095.698.427-66,(32) 36714-9829,BA,GOLD
user_433,Helena Lima,009.651.333-48,(62) 50844-2733,ES,SILVER
user_434,Tatiana Oliveira,417.284.449-85,(89) 35493-1656,CE,SILVER
user_435,Ana Oliveira,061.282.611-46,(64) 55143-6098,MA,GOLD
user_436,Gabriel Barbosa,198.231.688-94,(46) 38824-0291,PE,GOLD
user_437,Mariana Barbosa,294.411.555-02,(44) 60935-9735,MA,GOLD
user_438,Fernanda Martins,424.208.025-88,(69) 48805-9928,PA,SILVER
user_439,Daniela Souza,787.473.268-28,(37) 13027-9574,PB,GOLD
user_440,Samuel Rocha,948.178.609-21,(25) 59377-8855,DF,PLATINUM
user_441,Rafael Ferreira,936.030.677-08,(74) 83238-0530,AM,PLATINUM
user_442,Olivia Barbosa,427.636.790-18,(57) 97862-4094,RO,DIAMOND
user_443,Samuel Almeida,992.232.298-22,(94) 89453-2264,AL,SILVER
user_444,Carlos Souza,093.611.448-62,(90) 66844-8810,PA,DIAMOND
user_445,Tatiana Lima,689.997.702-85,(83) 44138-3443,SE,PLATINUM
user_446,Carlos Ferreira,864.319.651-55,(42) 83965-3233,MT,DIAMOND
user_447,Carlos Gomes,176.592.596-53,(90) 26525-8774,RJ,SILVER
user_448,Paulo Souza,935.548.067-82,(18) 23729-9223,MS,GOLD
user_449,Eduardo Costa,049.595.869-16,(69) 23490-2626,MG,SILVER
user_450,Carlos Silva,167.036.932-79,(90) 92790-2522,AP,DIAMOND
user_451,Carlos Gomes,859.556.734-12,(22) 42287-8076,MT,DIAMOND
user_452,Ana Cardoso,975.352.982-97,(65) 51727-2004,ES,PLATINUM
user_453,Nicolas Pereira,697.682.480-98,(55) 41408-3622,RO,SILVER
user_454,Renata Ribeiro,303.014.456-50,(80) 25054-5582,CE,SILVER
user_455,Leonardo Oliveira,006.085.901-65,(73) 84130-9460,RO,DIAMOND
user_456,Clara Ferreira,191.437.654-25,(62) 32238-3690,SE,SILVER
user_457,Karen Melo,928.016.217-19,(37) 58286-2044,AM,PLATINUM
user_458,Leonardo Oliveira,662.265.928-62,(71) 84451-3257,AP,GOLD
user_459,Leonardo Costa,748.517.528-73,(93) 94300-9950,MT,SILVER
user_460,Gabriel Pereira,188.871.632-46,(64) 48769-1578,AL,GOLD
user_461,Bruno Silva,434.162.486-63,(64) 31652-2614,RN,GOLD
user_462,Carlos Ribeiro,144.887.992-81,(65) 88213-3704,TO,DIAMOND
user_463,Vinicius Almeida,010.199.887-21,(57) 72991-0170,MG,PLATINUM
user_464,Mariana Cardoso,924.869.388-95,(62) 65749-9730,BA,GOLD
user_465,Tatiana Rocha,070.662.282-35,(68) 42831-7774,RJ,PLATINUM
user_466,Leonardo Costa,755.372.771-09,(47) 88964-6046,SC,DIAMOND
user_467,Clara Rocha,626.424.651-07,(36) 88969-5515,RO,GOLD
user_468,Leonardo Barbosa,592.232.796-03,(21) 33061-8912,RO,DIAMOND
user_469,Eduardo Costa,938.537.350-97,(87) 60114-2513,PR,SILVER
user_470,Renata Rocha,580.509.422-60,(31) 22803-6353,AM,PLATINUM
user_471,Gabriel Barbosa,424.882.358-16,(63) 17613-3822,PI,DIAMOND
user_472,Karen Nascimento,681.375.387-48,(31) 45768-5025,MS,SILVER
user_473,Gabriel Almeida,700.004.258-09,(82) 97518-6311,RN,GOLD
user_474,Eduardo Nascimento,003.732.388-82,(81) 74975-6271,AP,PLATINUM
user_475,Olivia Lima,186.662.283-87,(94) 10352-5248,SE,DIAMOND
user_476,Daniela Cardoso,727.531.586-59,(28) 56570-1542,BA,DIAMOND
user_477,Eduardo Barbosa,010.048.129-78,(42) 72705-0783,AC,GOLD
user_478,Bruno Costa,877.508.491-93,(21) 88100-1615,TO,SILVER
user_479,Tatiana Melo,111.574.891-47,(62) 43512-6589,PI,GOLD
user_480,Clara Gomes,121.847.919-27,(41) 87852-2530,AC,GOLD
user_481,Ana Souza,704.813.564-67,(68) 75732-9947,MG,SILVER
user_482,Clara Ribeiro,306.323.954-32,(58) 45243-4951,GO,PLATINUM
user_483,Clara Rocha,717.498.177-23,(55) 96909-4741,MA,DIAMOND
user_484,Clara Almeida,237.195.655-12,(66) 29515-7704,RS,PLATINUM
user_485,Gabriel Rocha,632.564.214-15,(77) 70317-9865,GO,DIAMOND
user_486,Yasmin Barbosa,127.562.520-10,(91) 17259-4547,SC,PLATINUM
user_487,Rafael Ferreira,527.262.709-45,(16) 57220-2900,RS,GOLD
user_488,Vinicius Rocha,547.664.690-22,(76) 59201-3202,SP,PLATINUM
user_489,Vinicius Melo,099.090.576-78,(11) 54334-6754,CE,PLATINUM
user_490,Júlia Silva,053.263.395-63,(56) 20515-7406,ES,PLATINUM
user_491,Ana Oliveira,787.672.832-82,(72) 60280-0351,PR,GOLD
user_492,Bruno Cardoso,010.893.337-32,(71) 25124-3033,BA,SILVER
user_493,Júlia Ferreira,269.261.970-27,(52) 51754-4069,ES,DIAMOND
user_494,Carlos Gomes,078.187.690-67,(89) 21832-5872,RN,SILVER
user_495,Helena Pereira,615.801.041-63,(69) 20093-7845,DF,SILVER
user_496,Samuel Silva,613.574.564-59,(30) 57094-7421,RR,GOLD
user_497,Daniela Ribeiro,157.467.120-61,(43) 35014-1778,SC,PLATINUM
user_498,Karen Pereira,081.681.307-02,(60) 76351-5942,RO,DIAMOND
user_499,Nicolas Silva,711.303.726-74,(88) 19416-8593,MG,DIAMOND
user_500,Nicolas Melo,816.421.532-90,(37) 59223-2682,SC,DIAMOND
